City_ID,City,Country,Maximum Temperature,Weather Description,City Latitude,City Longitude,Hotel Name
0,K≈´hdasht,IR,35.29,overcast clouds,33.535,47.6061,ŸÅÿ±Ÿàÿ¥⁄ØÿßŸá ÿ≤ŸÜÿ®€åŸÑ
1,Punta Arenas,CL,51.8,clear sky,-53.15,-70.9167,Hotel Dreams Del Estrecho
2,Broome,US,15.01,clear sky,42.2506,-75.833,Chenango Valley State Park
3,City of San Pedro,PH,81.0,scattered clouds,14.35,121.0167,OYO 412 Viewfort Venue
4,Saint Paul Harbor,US,33.8,clear sky,57.79,-152.4072,Best Western Kodiak Inn and Convention Center
5,Busselton,AU,79.0,clear sky,-33.65,115.3333,Observatory Guest House
6,Mataura,NZ,72.55,overcast clouds,-46.1927,168.8643,Ellie's Villa
7,Bandarbeyla,SO,73.8,overcast clouds,9.4942,50.8122,JABIR HOTEL
8,Castro,BR,65.68,overcast clouds,-24.7911,-50.0119,CHACARA BAILLY
9,Yangi Marg`ilon,UZ,33.8,overcast clouds,40.4272,71.7189,Ikathouse
10,Karratha,AU,88.56,light rain,-20.7377,116.8463,ibis Styles Karratha
11,Karratha,AU,88.56,light rain,-20.7377,116.8463,ibis Styles Karratha
12,L√ºderitz,,65.39,clear sky,-26.6481,15.1594,L√úDERITZ NEST HOTEL
13,Talara,PE,75.81,broken clouds,-4.5772,-81.2719,Hostal Oro Negro
14,Kathmandu,NP,37.4,mist,27.7167,85.3167,Hotel Shanker Kathmandu
17,Pinheiro Machado,BR,69.1,light rain,-31.5783,-53.3811,Hotel e Restaurante Quitandinha
18,Mount Isa,AU,98.6,broken clouds,-20.7333,139.5,ibis Styles Mt Isa Verona
19,Cherskiy,RU,-35.7,clear sky,68.75,161.3,Gostinitsa
20,Tiksi,RU,-27.49,overcast clouds,71.6872,128.8694,Arktika
21,Teghra,IN,41.92,clear sky,25.4833,85.95,Slt Shop
22,Teghra,IN,41.92,clear sky,25.4833,85.95,Slt Shop
23,Camacha,PT,57.2,few clouds,33.0833,-16.3333,Hotel Porto Santo & Spa
24,Narsaq,GL,39.2,broken clouds,60.9167,-46.05,Hotel Narsaq
25,Smirnykh,RU,1.42,overcast clouds,49.75,142.8333,Tsentral'naya
26,Chicama,PE,69.8,overcast clouds,-7.8447,-79.1469,Hospedaje Punta Cana PERU
27,Snezhnogorsk,RU,12.2,light snow,69.1933,33.2531,Severnoye Siyaniye
28,Jamestown,US,18.0,clear sky,42.097,-79.2353,Hampton Inn & Suites Jamestown
29,Turka,UA,24.01,overcast clouds,49.1541,23.0297,Turkivs πkyy Kar'yer
30,Cuamba,MZ,69.01,overcast clouds,-14.8031,36.5372,Hotel Vision
31,Kingsville,US,84.2,few clouds,27.5159,-97.8561,Econo Lodge Kingsville
32,Eyl,SO,70.57,broken clouds,7.9803,49.8164,Amiin Hotel
33,Darhan,MN,-1.68,overcast clouds,49.4867,105.9228,Buudai Hotel
34,Carnarvon,AU,84.2,clear sky,-24.8667,113.6333,Hospitality Carnarvon
35,Huarmey,PE,71.02,scattered clouds,-10.0681,-78.1522,Hotel Miramar
36,Torbay,CA,28.99,overcast clouds,47.6666,-52.7314,Gallows Cove
37,Puerto Ayora,EC,78.01,broken clouds,-0.7393,-90.3518,Castillo Galapagos
38,Derzhavƒ´nsk,KZ,17.01,overcast clouds,51.1,66.3167,Ooo.khim Baza
39,Derzhavƒ´nsk,KZ,17.01,overcast clouds,51.1,66.3167,Ooo.khim Baza
40,Bambous Virieux,MU,78.8,scattered clouds,-20.3428,57.7575,Casa Tia Villa
41,Guerrero Negro,MX,60.84,overcast clouds,27.9769,-114.0611,"Casa Laguna, Bed & Breakfast"
42,S√£o Filipe,CV,74.64,overcast clouds,14.8961,-24.4956,Tortuga B&B
43,Correntina,BR,73.18,clear sky,-13.3433,-44.6367,Hotel Pousada dos Sonhos
44,Correntina,BR,73.18,clear sky,-13.3433,-44.6367,Hotel Pousada dos Sonhos
45,Chui,UY,71.51,moderate rain,-33.6971,-53.4616,Nuevo Hotel Plaza
46,Hobyo,SO,74.59,broken clouds,5.3505,48.5268,Halane Hotel and Restaurent
47,Esna,EG,50.0,clear sky,25.2934,32.554,Orient Star Dahabyia Isna 05 Nights Each Sunday
48,Kavieng,PG,83.28,overcast clouds,-2.5744,150.7967,Nusa Island Retreat
49,Port Alfred,ZA,62.01,clear sky,-33.5906,26.891,The Halyards Hotel
50,Sinnamary,GF,77.99,overcast clouds,5.3833,-52.95,ALETHEIA Appartement Sinnamary
51,ChurƒÅchƒÅndpur,IN,44.31,clear sky,24.3333,93.6667,Elite Boy's Hostel
52,Kitui,KE,60.69,overcast clouds,-1.367,38.0106,Heritage Bliss Hotel
53,Ilulissat,GL,6.8,overcast clouds,69.2167,-51.1,Hotel Arctic
54,Guarar√©,PA,78.1,overcast clouds,7.8167,-80.2833,RESIDENCIAL VILLA VALENTINA
57,Ambulu,ID,80.62,overcast clouds,-8.345,113.6058,Hotel Ambulu Jember
58,George Town,MY,78.8,few clouds,5.4112,100.3354,Cititel Penang
59,Yellowknife,CA,-11.0,few clouds,62.456,-114.3525,The Explorer Hotel
60,Yellowknife,CA,-11.0,few clouds,62.456,-114.3525,The Explorer Hotel
61,Yellowknife,CA,-11.0,few clouds,62.456,-114.3525,The Explorer Hotel
62,Severo-Kuril'sk,RU,25.41,light snow,50.6789,156.125,Kak Doma
63,Vaini,TO,86.0,broken clouds,-21.2,-175.2,Keleti Beach Resort
64,Ushuaia,AR,51.8,few clouds,-54.8,-68.3,Albatros Hotel
65,Walvis Bay,,66.99,clear sky,-22.9575,14.5053,Oyster Box Guesthouse
67,Avarua,CK,82.4,broken clouds,-21.2078,-159.775,Paradise Inn
68,Bend,US,44.6,broken clouds,44.0582,-121.3153,Fairfield Inn & Suites by Marriott Bend Downtown
69,Bredasdorp,ZA,66.0,clear sky,-34.5322,20.0403,Bredasdorp Country Manor
70,Hermanus,ZA,66.0,clear sky,-34.4187,19.2345,Misty Waves Boutique Hotel
71,Hermanus,ZA,66.0,clear sky,-34.4187,19.2345,Misty Waves Boutique Hotel
72,Bluff,NZ,58.21,overcast clouds,-46.6,168.3333,Bluff Homestead - Guesthouse & Campervan Park
73,Tabou,CI,78.46,clear sky,4.423,-7.3528,hot√™l doufoulougou
75,Plouzan√©,FR,50.0,overcast clouds,48.3833,-4.6167,Lymina
76,Kisangani,CD,69.75,overcast clouds,0.5167,25.2,Grand Ramela Hotel
77,Saldanha,ZA,63.68,clear sky,-33.0117,17.9442,Blue Bay Lodge
78,Tual,ID,83.61,moderate rain,-5.6667,132.75,Grand Vilia Hotel
79,Binzhou,CN,42.42,clear sky,37.3667,118.0167,Hampton By Hilton Binzhou
80,Thompson,CA,14.0,light snow,55.7435,-97.8558,Burntwood Hotel
81,Esperance,AU,68.0,clear sky,-33.8667,121.9,Hospitality Esperance
83,Atuona,PF,79.25,broken clouds,-9.8,-139.0333,Villa Enata
84,Rikitea,PF,79.5,clear sky,-23.1203,-134.9692,Pension Maro'i
85,Bubaque,GW,79.34,overcast clouds,11.2833,-15.8333,"Casa Dora, Bubaque"
86,San Jos√© de las Lajas,CU,69.8,few clouds,22.9614,-82.1511,Hostal San Jos√© Cuba
87,Samarai,PG,85.1,overcast clouds,-10.6167,150.6667,Nuli Sapi
89,Alyangula,AU,86.0,broken clouds,-13.8483,136.4192,Groote Eylandt Lodge
90,Alyangula,AU,86.0,broken clouds,-13.8483,136.4192,Groote Eylandt Lodge
91,Alyangula,AU,86.0,broken clouds,-13.8483,136.4192,Groote Eylandt Lodge
92,Katsuura,JP,52.0,few clouds,35.1333,140.3,Katsuura Hotel Mikazuki
93,Padang,ID,78.58,light rain,-0.9492,100.3543,Mercure Padang
95,Villa Mar√≠a,AR,63.36,overcast clouds,-32.4075,-63.2402,Hotel Milenium
96,Oskemen,KZ,-7.6,fog,49.9565,82.6119,Dedeman Oskemen Tavros Hotel
97,Oskemen,KZ,-7.6,fog,49.9565,82.6119,Dedeman Oskemen Tavros Hotel
98,Hilo,US,80.6,light rain,19.7297,-155.09,Hilo Hawaiian Hotel
99,Cidreira,BR,75.78,overcast clouds,-30.1811,-50.2056,Hotel Castelo
100,P√©rigueux,FR,51.8,overcast clouds,45.1833,0.7167,H√¥tel Mercure P√©rigueux Centre
101,Krasnosel'kup,RU,-25.92,overcast clouds,65.7,82.4667,Krasnosel'kupnefteprodukt
102,Itarema,BR,79.11,overcast clouds,-2.9248,-39.9167,"Sea Lounge! Bar, Club & Restaurant"
103,Pevek,RU,-33.25,clear sky,69.7008,170.3133,Severnoye Zoloto
104,New Norfolk,AU,75.99,clear sky,-42.7826,147.0587,The Shingles Riverside Cottages
107,Upernavik,GL,-9.45,broken clouds,72.7868,-56.1549,Gina's Guesthouse - Upernavik
108,Geraldton,AU,95.0,clear sky,-28.7667,114.6,Broadwater Mariner Resort
109,Kruisfontein,ZA,60.01,clear sky,-34.0033,24.7314,Oyster Bay House Rental
110,Hobart,AU,75.99,scattered clouds,-42.8794,147.3294,St Ives Hobart Accommodation Tasmania
112,Coquimbo,CL,66.2,overcast clouds,-29.9533,-71.3436,Hotel San Juan
113,Sitka,US,41.0,broken clouds,57.0531,-135.33,Westmark Sitka
114,Ponta do Sol,PT,59.0,scattered clouds,32.6667,-17.1,Hotel do Campo
115,Olinda,BR,78.8,few clouds,-8.0089,-34.8553,Flat Quatro Rodas Olinda
116,Coria,ES,48.99,few clouds,39.9879,-6.5377,Hotel San Crist√≥bal
117,Belmonte,BR,78.8,scattered clouds,-15.8631,-38.8828,Pousada Monte Carmelo O P√£o
119,Cayenne,GF,80.6,broken clouds,4.9333,-52.3333,H√¥tel Le Dronmi
121,Bah√≠a Honda,CU,66.9,few clouds,22.9036,-83.1592,Casa Gualberto - Deysi
123,Nanortalik,GL,29.97,overcast clouds,60.1432,-45.2371,Hotel Kap Farvel
126,Port Lincoln,AU,66.67,clear sky,-34.7333,135.8667,Port Lincoln Hotel
127,Corpus Christi,US,73.4,few clouds,27.8006,-97.3964,Holiday Inn Corpus Christi Downtown Marina
128,Ngunguru,NZ,72.0,clear sky,-35.6167,174.5,Pacific Rendezvous Motel Resort
129,Ngunguru,NZ,72.0,clear sky,-35.6167,174.5,Pacific Rendezvous Motel Resort
130,Kapaa,US,78.8,light rain,22.0752,-159.319,Sheraton Kauai Resort at Coconut Beach
131,Roblin,CA,13.62,light snow,51.23,-101.3565,Harvest Moon Inn
132,Arraial do Cabo,BR,77.0,clear sky,-22.9661,-42.0278,Pousada Porto Praia
133,Opalenica,PL,24.01,broken clouds,52.3089,16.4128,Hotel Remes ‚Ä¢ Sport & Spa
134,Barrow,US,-11.2,light snow,71.2906,-156.7887,King Eider Inn
135,Leticia,CO,77.0,broken clouds,-4.2153,-69.9406,Hotel Amazon Bed and Breakfast / Hotel Amazon B&B
136,Atar,MR,66.67,clear sky,20.5169,-13.0499,Oumou Elghoura
137,Garoowe,SO,61.99,clear sky,8.4054,48.4845,Curubo Hotel
138,Garoowe,SO,61.99,clear sky,8.4054,48.4845,Curubo Hotel
139,Clarence Town,AU,80.6,broken clouds,-32.5833,151.7833,River Downs Cottage
140,Butaritari,KI,81.23,broken clouds,3.0707,172.7902,Isles Sunset Lodge
141,Ny√≠regyh√°za,HU,32.0,light snow,47.9554,21.7167,Centr√°l Hotel
142,Palmer,US,15.01,clear sky,42.1584,-72.3287,Wedgewood Motel
143,Palmer,US,15.01,clear sky,42.1584,-72.3287,Wedgewood Motel
144,Palmer,US,15.01,clear sky,42.1584,-72.3287,Wedgewood Motel
145,Prainha,BR,75.27,scattered clouds,-1.8,-53.48,Casa Rocha
146,Golden,US,44.01,broken clouds,39.7555,-105.2211,"The Golden Hotel, Ascend Hotel Collection"
147,Mahon,ES,48.2,few clouds,39.8885,4.2658,ARTIEM Capri
148,Cairns,AU,91.0,scattered clouds,-16.9167,145.7667,Mantra Trilogy Cairns
149,Amlapura,ID,82.4,scattered clouds,-8.45,115.6167,Villa Campuhan
150,Amlapura,ID,82.4,scattered clouds,-8.45,115.6167,Villa Campuhan
151,Tasiilaq,GL,21.2,overcast clouds,65.6145,-37.6368,The Red House
152,Saint-Pierre,RE,78.8,clear sky,-21.3393,55.4781,Lindsey H√¥tel
153,Marsh Harbour,BS,66.49,overcast clouds,26.5412,-77.0636,Abaco Beach Resort
156,Vard√∏,NO,25.5,light snow,70.3705,31.1107,Vard√∏ Hotel AS
157,Mandalgovi,MN,5.56,overcast clouds,45.7625,106.2708,–í.–ì–∞–Ω–±–∞—Ç
158,Cleveland,US,32.0,overcast clouds,41.4995,-81.6954,Renaissance Cleveland Hotel
160,Puerto Nari√±o,CO,77.0,light rain,-3.7703,-70.3831,Eware Refugio Amazonico
161,Khatanga,RU,-47.02,scattered clouds,71.9667,102.5,"Gostinitsa ""Zapolyar'ye"""
162,Santa Cruz de la Sierra,BO,76.69,overcast clouds,-17.8,-63.1667,Hotel Cortez
164,Ponta Delgada,PT,62.6,broken clouds,37.7333,-25.6667,Vila Nova Hotel
165,√úr√ºmqi,CN,1.4,light snow,43.801,87.6005,Hua Ling Grand Hotel Urumqi
166,√úr√ºmqi,CN,1.4,light snow,43.801,87.6005,Hua Ling Grand Hotel Urumqi
167,Neuqu√©n,AR,62.6,broken clouds,-38.9516,-68.0591,Hotel del Comahue
168,Cape Town,ZA,71.01,broken clouds,-33.9258,18.4232,"Radisson Blu Hotel Waterfront, Cape Town"
169,Haradok,BY,21.36,overcast clouds,55.4624,29.9816,"Gostinitsa ""Sportivnyy Gorodok"""
170,Dzilam Gonz√°lez,MX,71.67,overcast clouds,21.2833,-88.9333,posadas
171,Kalevala,RU,13.21,light snow,65.2,31.1667,Hotel on Sadovaya 2
172,Gawler,AU,77.0,clear sky,-34.6,138.7333,Eagle Foundry Bed & Breakfast
173,Port Hardy,CA,46.4,overcast clouds,50.6996,-127.4199,Airport Inn
174,≈åfunato,JP,28.4,light snow,39.0717,141.7167,Ofunato Hot Spring
175,Haines Junction,CA,-5.8,overcast clouds,60.7522,-137.5108,Parkside Inn
176,Haines Junction,CA,-5.8,overcast clouds,60.7522,-137.5108,Parkside Inn
177,Vila Velha,BR,78.8,few clouds,-20.3297,-40.2925,Hotel Vit√≥ria Palace
178,Port Augusta,AU,69.8,overcast clouds,-32.5,137.7667,Majestic Oasis Apartments
179,Clyde River,CA,-9.4,overcast clouds,70.4692,-68.5914,Qamaq Hotel
180,Bethel,US,19.99,clear sky,41.3712,-73.414,Courtyard by Marriott Danbury
181,Lompoc,US,55.99,clear sky,34.6391,-120.4579,Holiday Inn Express Lompoc
182,Grindavik,IS,21.2,clear sky,63.8424,-22.4338,Northern Light Inn & Max's Restaurant
184,Constituci√≥n,CL,59.59,scattered clouds,-35.3333,-72.4167,Hotel Boutique Las Azucenas
185,Jucurutu,BR,82.45,overcast clouds,-6.0339,-37.0203,Pousada Miike
186,Bengkulu,ID,74.43,overcast clouds,-3.8004,102.2655,Grage Hotel Bengkulu
188,Paranagu√°,BR,69.8,clear sky,-25.52,-48.5092,Camboa Hotel
189,Lerwick,GB,33.8,snow,60.1545,-1.1494,The Lerwick Hotel
190,Qaanaaq,GL,-5.67,overcast clouds,77.484,-69.3632,Qaanaaq Hotel
191,North Bend,US,48.2,mist,43.4065,-124.2243,Red Lion Hotel Coos Bay
192,Balsas,BR,74.79,moderate rain,-7.5325,-46.0356,Novo Hotel
193,Iwaki,JP,45.0,clear sky,37.05,140.8833,Toyoko Inn Iwaki Ekimae
194,Broken Hill,AU,77.0,scattered clouds,-31.95,141.4333,Royal Exchange Hotel
195,Nouadhibou,MR,68.0,clear sky,20.930999999999997,-17.0347,El Medina
196,Ternate,ID,81.1,overcast clouds,0.8,127.4,Grand Dafam Bela Ternate
197,Flagstaff,US,35.6,clear sky,35.1981,-111.6513,Drury Inn & Suites Flagstaff
198,Flagstaff,US,35.6,clear sky,35.1981,-111.6513,Drury Inn & Suites Flagstaff
199,Flagstaff,US,35.6,clear sky,35.1981,-111.6513,Drury Inn & Suites Flagstaff
200,Waingapu,ID,80.33,light rain,-9.6567,120.2641,Pondok Wisata Elim
201,Bac Lieu,VN,78.31,scattered clouds,9.285,105.7244,Kh√°ch s·∫°n S√†i G√≤n B·∫°c Li√™u
202,Santander,ES,53.6,broken clouds,43.4647,-3.8044,Abba Santander Hotel
204,Hong Kong,HK,64.0,clear sky,22.2855,114.1577,Mini Hotel Central
205,Baker City,US,42.8,clear sky,44.7749,-117.8344,Bridge Street Inn
206,Kaitangata,NZ,61.0,overcast clouds,-46.2817,169.8464,Kaitangata Motor Camp
207,Humberto de Campos,BR,77.74,overcast clouds,-2.5983,-43.4611,Pousada do Cabe√ßa
208,M√¢ncio Lima,BR,74.12,overcast clouds,-7.6142,-72.8958,Hotel e Distribuidora Voyage
209,Sisimiut,GL,6.3,broken clouds,66.9395,-53.6735,Hotel Sisimiut
210,Itoman,JP,64.4,few clouds,26.1247,127.6694,Southern Beach Hotel & Resort Okinawa
211,Morant Bay,JM,80.6,broken clouds,17.8815,-76.4093,Whispering Bamboo Cove Resort
212,Yulara,AU,87.8,broken clouds,-25.2406,130.9889,Desert Gardens Hotel - Ayers Rock Resort
213,Bah√≠a Blanca,AR,61.47,overcast clouds,-38.7196,-62.2724,Hotel Argos
214,Nevel'sk,RU,12.2,broken clouds,46.6733,141.8633,Gostinitsa Viktoriya
215,Souillac,MU,78.8,scattered clouds,-20.5167,57.5167,Shanti Maurice Resort & Spa
216,Coyhaique,CL,64.4,clear sky,-45.5752,-72.0662,Diego De Almagro Coyhaique
217,Amazar,RU,-26.16,overcast clouds,53.858000000000004,120.875,–ì–æ—Å—Ç–∏–Ω–∏—á–Ω—ã–π –ö–æ–º–ø–ª–µ–∫—Å –£—é—Ç
218,Wollongong,AU,73.0,overcast clouds,-34.4333,150.8833,Flinders Motel
219,Sabang,ID,80.82,few clouds,5.8933,95.3214,Hotel Citra
220,Tezu,IN,56.07,broken clouds,27.9167,96.1667,Circuit House
221,Honningsv√•g,NO,26.6,light snow,70.9821,25.9704,Nordkapp Vandrerhjem
222,Petropavlovsk-Kamchatskiy,RU,28.4,light snow,53.0452,158.6483,"–û–û–û ""–ì–æ—Å—Ç–∏–Ω–∏—á–Ω—ã–π –∫–æ–º–ø–ª–µ–∫—Å ""–ü–µ—Ç—Ä–æ–ø–∞–≤–ª–æ–≤—Å–∫"""
223,Hibbing,US,27.0,light snow,47.4272,-92.9377,Mitchell-Tappan House
224,Lamar,US,64.4,few clouds,33.6668,-95.5836,Kings Inn Paris TX
225,Lamar,US,64.4,few clouds,33.6668,-95.5836,Kings Inn Paris TX
227,Ribeira Grande,PT,63.16,overcast clouds,38.5167,-28.7,Quinta da Meia Eira
228,Coari,BR,75.72,overcast clouds,-4.085,-63.1414,HOTEL ALEX FLAT
229,Norman Wells,CA,-27.4,scattered clouds,65.282,-126.8329,Heritage Hotel
231,Kahului,US,78.8,scattered clouds,20.8947,-156.47,Maui Seaside Hotel
234,Chimbote,PE,70.57,overcast clouds,-9.0853,-78.5783,Hotel Brili√°
235,High Level,CA,-0.4,few clouds,58.5169,-117.13600000000001,Days Inn by Wyndham High Level
236,High Level,CA,-0.4,few clouds,58.5169,-117.13600000000001,Days Inn by Wyndham High Level
237,Vuktyl,RU,-4.14,overcast clouds,63.8567,57.3094,Mini-Hotel Lokomotiv
238,Korla,CN,18.37,clear sky,41.7597,86.1469,Gulisitan Hotel
239,Bereket,TM,46.02,scattered clouds,39.2446,55.5154,Railway motel
241,Qaqortoq,GL,39.2,broken clouds,60.7167,-46.0333,Hotel Qaqortoq
243,Iqaluit,CA,-9.0,snow,63.7506,-68.5145,Frobisher Inn
244,Iqaluit,CA,-9.0,snow,63.7506,-68.5145,Frobisher Inn
245,Chapais,CA,-4.0,overcast clouds,49.7834,-74.8492,H√¥tel Op√©miska
246,Bursa,TR,41.0,broken clouds,40.1667,29.0833,Kent Hotel
247,Bursa,TR,41.0,broken clouds,40.1667,29.0833,Kent Hotel
249,Tuktoyaktuk,CA,-34.6,scattered clouds,69.4541,-133.0374,End of The Road Ltd.
250,Zemio,CF,66.94,clear sky,5.0314,25.1361,OCHA Office
251,Honiara,SB,81.57,heavy intensity rain,-9.4333,159.95,Heritage Park Hotel
252,S≈Çupsk,PL,31.1,light snow,54.4641,17.0287,Hotel Pod KlukƒÖ
253,Callaguip,PH,71.6,broken clouds,18.0714,120.4867,Pangil Beach Resort
254,Lorengau,PG,83.5,overcast clouds,-2.0226,147.2712,Lorengau Harbourside Hotel
255,Santa Rosa,PH,81.0,scattered clouds,14.3122,121.1114,Erlyn‚Äôs Sta Rosa City Home
256,≈ûuhut,TR,35.47,overcast clouds,38.5311,30.5458,Suhut Ogretmenevi ve Aksam Sanat Okulu
257,≈ûuhut,TR,35.47,overcast clouds,38.5311,30.5458,Suhut Ogretmenevi ve Aksam Sanat Okulu
258,S√£o Jo√£o da Barra,BR,77.97,clear sky,-21.6403,-41.0511,Pousada Porto De Canoas
259,Byron Bay,AU,80.6,broken clouds,-28.65,153.6167,Backpackers Inn on the Beach
261,Nieuw Amsterdam,SR,80.6,broken clouds,5.8833,-55.0833,Hotel Stardust
262,S√∏rland,NO,30.34,overcast clouds,67.667,12.6934,Sjybrygga fiskecamp
264,Batagay,RU,-48.23,broken clouds,67.6333,134.6333,Gostinitsa Ki'ileekh
265,Ust'-Tarka,RU,1.78,overcast clouds,55.5672,75.705,Pearl of Siberia
266,Vaitape,PF,81.7,scattered clouds,-16.5167,-151.75,Conrad Bora Bora Nui
267,Klaksv√≠k,FO,32.0,scattered clouds,62.2266,-6.5889999999999995,Airbnb rooms
268,Isabela,PH,82.4,scattered clouds,6.7085,121.9711,Isawad Resort
269,Mossamedes,AO,72.97,overcast clouds,-15.1961,12.1522,Hotel Chik Chik Namibe
270,Les Cayes,HT,73.15,broken clouds,18.2,-73.75,Villa Orphee
271,Pizarro,CO,77.72,clear sky,4.9533,-77.366,Hotel Limonar
272,Bridlington,GB,37.99,broken clouds,54.0831,-0.1919,Expanse Bridlington Seafront Hotel
274,Burns Lake,CA,21.2,overcast clouds,54.2331,-125.7533,Burns Lake Bed and Breakfast
275,Nhulunbuy,AU,86.0,light rain,-12.2333,136.7667,East Arnhem Real Estate
277,Hithadhoo,MV,81.68,few clouds,-0.6,73.0833,Scoop Guest House
278,Lebu,CL,56.77,few clouds,-37.6167,-73.65,Hostal Las Lilas
279,Porto Santo,PT,57.2,few clouds,33.071999999999996,-16.3415,Hotel Porto Santo & Spa
280,Rome,US,17.6,overcast clouds,43.2128,-75.4557,Wingate By Wyndham Rome
281,Baruun-Urt,MN,5.41,light snow,46.6806,113.2792,–ê—Ö–º–∞–¥—ã–Ω –∞–º—Ä–∞–ª—Ç —Å—É–≤–∏–ª–∞–ª
282,Kathu,TH,84.0,few clouds,7.9178,98.3332,Novotel Phuket Resort
283,Manggar,ID,81.36,overcast clouds,-2.8833,108.2667,Guest Hotel
284,Balkanabat,TM,46.4,scattered clouds,39.5108,54.3671,Nebitchi Hotel
285,Pitimbu,BR,78.8,clear sky,-7.4706,-34.8086,Reserva do Abia√≠
286,Isangel,VU,82.65,clear sky,-19.55,169.2667,Volcano Sea View Tree House
287,Bulgan,MN,1.53,overcast clouds,48.8125,103.5347,Unitel –ë—É–ª–≥–∞–Ω —Å–∞–ª–±–∞—Ä
288,Bulgan,MN,1.53,overcast clouds,48.8125,103.5347,Unitel –ë—É–ª–≥–∞–Ω —Å–∞–ª–±–∞—Ä
289,Faanui,PF,81.75,scattered clouds,-16.4833,-151.75,Bora-Bora Pearl Beach Resort & Spa
290,Usogorsk,RU,24.31,overcast clouds,63.4106,48.6872,"""Dom Invest - Kvartiry Posutochno"""
291,Nikolskoye,RU,25.0,light snow,59.7035,30.7861,Tourist House - Sablino
292,Nikolskoye,RU,25.0,light snow,59.7035,30.7861,Tourist House - Sablino
293,Rio Grande,BR,75.81,moderate rain,-32.035,-52.0986,Hotel Atl√¢ntico Rio Grande
294,Luwuk,ID,85.05,overcast clouds,-0.9516,122.7875,Hotel Santika Luwuk
295,Caxias,PT,59.0,broken clouds,38.7031,-9.2767,Amaz√≥nia Jamor Hotel
296,Diffa,NE,65.7,clear sky,13.3154,12.6113,ProDAF/Diffa
297,Zhangjiakou,CN,23.02,clear sky,40.81,114.8794,Shell Zhangjiakou City Qiaodong District Ginza Hotel
298,Uvat,RU,12.15,overcast clouds,59.1433,68.8953,Uvatskiy Rayonnyy Dom Kul'tury
299,Srƒ´vardhan,IN,73.27,clear sky,18.0333,73.0167,Savli Resort/Hotel - Shrivardhan
300,Beruwala,LK,74.82,clear sky,6.4788,79.9828,The Palms Hotel
301,Warrnambool,AU,66.99,clear sky,-38.3833,142.4833,Lady Bay Resort
302,Sur,OM,65.03,clear sky,22.5667,59.5289,Sur Plaza Hotel
303,Ode,NG,70.81,clear sky,7.7899,5.7117,MORALAB HOTEL
304,Gbarnga,LR,71.08,overcast clouds,6.9956,-9.4722,Passion Hotel 2
305,S√£o Raimundo Nonato,BR,70.29,light rain,-9.0153,-42.6994,Real Hotel
306,Saint George,US,50.0,clear sky,37.1041,-113.5841,Best Western Plus Abbey Inn
307,Saint-Paul,RE,78.8,few clouds,-21.0096,55.2707,Boucan Canot
308,Olafsvik,IS,23.04,scattered clouds,64.8945,-23.7142,Hotel Olafsvik
309,Mar del Plata,AR,62.01,broken clouds,-38.0023,-57.5575,Gran Hotel Mar del Plata
310,Vikulovo,RU,10.9,overcast clouds,56.8167,70.6107,"Ooo ""Sistema Stroy"""
311,Hambantota,LK,75.2,few clouds,6.1241,81.1185,Bungalow 63
313,Lagoa,PT,61.84,overcast clouds,39.05,-27.9833,Casa Das Faias
314,Robertsport,LR,79.92,clear sky,6.7533,-11.3686,Kwepunha Retreat
315,Nur-Sultan,KZ,12.2,clear sky,51.1801,71.446,King Hotel Astana
316,Moussoro,TD,66.92,clear sky,13.6408,16.4901,Pharmacie alnadja Moussoro
317,Ankazoabo,MG,72.64,scattered clouds,-22.2833,44.5167,ENCEIN BUREAU CISCO
318,Leshukonskoye,RU,17.65,overcast clouds,64.8989,45.7622,Gostinitsa Mup Zhkkh
322,Altus,US,59.0,clear sky,34.6381,-99.334,Holiday Inn Express & Suites Altus
324,Meulaboh,ID,75.97,broken clouds,4.1363,96.1285,Kost Pria
325,Orlik,RU,-16.85,overcast clouds,52.5178,99.825,Gostevoy Dom Mini Gostinitsa
326,Seoul,KR,32.0,clear sky,37.5683,126.9778,Lotte Hotel Seoul
327,Karasjok,NO,23.0,overcast clouds,69.4719,25.5112,Karasjok camping AS
328,Bonanza,NI,68.85,few clouds,14.0289,-84.59100000000001,Edificio Administrativo HEMCO
329,Santa Maria,BR,69.8,moderate rain,-29.6842,-53.8069,Hotel Morotin
330,Nabire,ID,82.45,light rain,-3.3667,135.4833,Hotel Nusantara Nabire
333,Concepci√≥n del Oro,MX,61.52,clear sky,24.6333,-101.4167,HOTEL HACIENDA SAN JAVIER
334,Lydenburg,ZA,61.92,few clouds,-25.0978,30.4597,The Palms Boutique Hotel
335,Porangatu,BR,73.24,overcast clouds,-13.4408,-49.1486,Wembley Park Hotel
336,Esqueda,MX,52.63,clear sky,30.7167,-109.5833,Hotel Esqueda
337,Codrington,AU,65.07,clear sky,-38.2667,141.9667,Codrington Gardens Bed And Breakfast
338,Codrington,AU,65.07,clear sky,-38.2667,141.9667,Codrington Gardens Bed And Breakfast
339,Codrington,AU,65.07,clear sky,-38.2667,141.9667,Codrington Gardens Bed And Breakfast
340,Manhattan,US,32.0,clear sky,40.7834,-73.9662,Royalton New York
341,Caravelas,BR,75.6,clear sky,-17.7125,-39.2481,Pousada dos Navegantes
342,Kosh-Agach,RU,-9.94,clear sky,50.0,88.6667,Fermerskiy Dom v Kosh-Agache
343,Flinders,AU,68.0,overcast clouds,-34.5833,150.8552,Shellharbour Resort & Conference Centre
344,Bonavista,CA,28.99,overcast clouds,48.6499,-53.1147,Abbott's Bed & Breakfast
345,Buala,SB,85.59,overcast clouds,-8.145,159.5921,Maringe Lagoon Lodge
346,Buala,SB,85.59,overcast clouds,-8.145,159.5921,Maringe Lagoon Lodge
347,Nikki,BJ,72.14,clear sky,9.9401,3.2108,Hotel John
348,Pisco,PE,73.4,clear sky,-13.7,-76.2167,Hotel San Isidro Oficial
349,Saint Anthony,US,32.0,light snow,45.0205,-93.21799999999999,Holiday Inn Express Roseville-St. Paul
350,Saint Anthony,US,32.0,light snow,45.0205,-93.21799999999999,Holiday Inn Express Roseville-St. Paul
352,Alofi,NU,82.4,moderate rain,-19.0595,-169.9187,Taloa Heights
353,Alofi,NU,82.4,moderate rain,-19.0595,-169.9187,Taloa Heights
354,Imeni Poliny Osipenko,RU,-9.2,broken clouds,52.4201,136.4853,Yubileynaya
355,J√∂nk√∂ping,SE,6.8,clear sky,57.7814,14.1562,Scandic Portalen
356,Pacific Grove,US,57.2,overcast clouds,36.6177,-121.9166,Lovers Point Inn
357,Cabo San Lucas,MX,72.0,scattered clouds,22.8909,-109.9124,Hotel Tesoro Los Cabos
358,Deer Lake,CA,26.6,overcast clouds,49.1667,-57.4316,Holiday Inn Express Deer Lake
359,Goderich,CA,24.8,overcast clouds,43.7501,-81.7165,Harmony Inn
360,Hamilton,US,32.0,snow,39.1834,-84.5333,Six Acres Bed & Breakfast
361,Longyearbyen,SJ,-5.8,few clouds,78.2186,15.6401,"Radisson Blu Polar Hotel, Spitsbergen"
362,Touros,BR,78.8,few clouds,-5.1989,-35.4608,INN NEW HORIZON
364,Askiz,RU,-19.62,overcast clouds,53.1319,90.5264,Sovetskiy
365,Phonhong,LA,60.8,mist,18.5007,102.4166,Manyvong Guest House
366,Pyshma,RU,5.7,broken clouds,56.9523,63.2513,"Gostinitsa ""Postoyalyy Dvor"""
367,Pyshma,RU,5.7,broken clouds,56.9523,63.2513,"Gostinitsa ""Postoyalyy Dvor"""
370,Peniche,PT,55.99,overcast clouds,39.3558,-9.3811,Hotel Star inn Peniche
371,Tuatapere,NZ,66.83,overcast clouds,-46.1333,167.6833,Ron and Tony's Bed & Breakfast
372,N√≥vita,CO,76.23,few clouds,4.9551,-76.6053,B/ Buenos Aires Sector Las Curvitas
373,N√≥vita,CO,76.23,few clouds,4.9551,-76.6053,B/ Buenos Aires Sector Las Curvitas
374,Buenos Aires,AR,64.0,broken clouds,-34.6132,-58.3772,Hotel NH Buenos Aires City
375,Iskateley,RU,1.04,overcast clouds,67.6803,53.1512,Hostel Agat
376,Union,US,28.99,clear sky,40.6334,-74.2663,Homewood Suites by Hilton Newark-Cranford
377,East London,ZA,69.93,broken clouds,-33.0153,27.9116,Tu Casa
378,Zeya,RU,-27.63,overcast clouds,53.75,127.2667,Kapital Inn
379,Bezhanitsy,RU,20.73,light snow,56.9767,29.8907,Kruiz Hotel
381,Anadyr,RU,-4.0,snow,64.75,177.4833,"–ì–æ—Å—Ç–∏–Ω–∏—Ü–∞ ""–ê–Ω–∞–¥—ã—Ä—å"""
382,PƒÅsighƒÅt,IN,53.89,clear sky,28.0667,95.3333,Siang Guest House
383,PƒÅsighƒÅt,IN,53.89,clear sky,28.0667,95.3333,Siang Guest House
384,Mahibadhoo,MV,81.21,clear sky,3.7833,72.9667,Omadhoo Inn
385,Casma,CL,66.2,clear sky,-41.0082,-73.1244,Hospedaje Casma
386,San Cristobal,VE,65.71,broken clouds,7.7669,-72.225,Pirineos
387,Abengourou,CI,74.8,few clouds,6.7297,-3.4964,Hotel des Princes
388,Williamsport,US,26.01,clear sky,41.2412,-77.0011,Hampton Inn Williamsport-Downtown
389,Waitati,NZ,63.0,overcast clouds,-45.75,170.5667,Arden Country House BnB Dunedin
390,Zhezkazgan,KZ,17.31,overcast clouds,47.8043,67.7144,Ul. Ranova 15-1 Kvartiry Posutochno.
391,Tommot,RU,-41.4,broken clouds,58.9564,126.2925,Gostinitsa Tommot
393,Khani,GE,41.0,clear sky,41.9563,42.9566,·Éô·É£·É†·Éù·É†·É¢·Éò ·Éñ·Éî·Éô·Éê·É†·Éò/Resort Zekari
394,Radomsko,PL,24.01,scattered clouds,51.0671,19.4448,"HOTEL TED, Restauracja"
395,San Blas,MX,80.6,clear sky,21.5167,-105.2667,Hotel Posada del Rey
397,Vestmannaeyjar,IS,31.35,overcast clouds,63.4427,-20.2734,Glamping & Camping
398,Portland,US,48.99,overcast clouds,45.5234,-122.6762,Embassy Suites by Hilton Portland Downtown
399,Kropotkin,RU,35.74,overcast clouds,45.4375,40.5756,Hotel Europe Kropotkin
400,Kiryat Gat,IL,55.0,clear sky,31.61,34.7642,OlusHome
401,College,US,-4.0,light snow,64.8569,-147.8028,Pike's Waterfront Lodge
402,Kuusamo,FI,10.4,light snow,65.9667,29.1833,Hotel Kuusanka
404,Astak√≥s,GR,48.2,few clouds,38.5356,21.0814,Hotel Stratos
405,Wonthaggi,AU,70.0,overcast clouds,-38.6044,145.5913,Wonthaggi Caravans & Trailers
406,Katobu,ID,79.52,overcast clouds,-4.9408,122.5276,La Ode Husein
407,Nueva Gerona,CU,72.39,scattered clouds,21.8833,-82.8,Villa Gerona
408,Saint-Philippe,RE,78.8,clear sky,-21.3585,55.7679,"Chambres d'h√¥te ""La Trinit√©"""
409,Porto Walter,BR,72.5,scattered clouds,-8.2686,-72.7439,Secretaria de sa√∫de
410,Podgorica,ME,46.4,broken clouds,42.4411,19.2636,Hotel Podgorica
411,Podgorica,ME,46.4,broken clouds,42.4411,19.2636,Hotel Podgorica
412,Los Llanos de Aridane,ES,64.4,overcast clouds,28.6585,-17.9182,Valle Aridane
413,Tiarei,PF,87.8,broken clouds,-17.5333,-149.3333,Le Rocher de Tahiti
414,San Lorenzo,PY,86.0,broken clouds,-25.3333,-57.5333,Canarias Hotel
415,Tamandar√©,BR,77.85,overcast clouds,-8.7597,-35.1047,Pousada 100 Passos
416,NajrƒÅn,SA,59.0,clear sky,17.4924,44.1277,ŸÖÿ≠ŸÖÿØ ŸáÿßÿØŸä ÿßŸÑ ŸÅÿ∑Ÿäÿ≠
417,Kuril'sk,RU,19.29,light snow,45.2333,147.8833,City of Kurilsk
418,Airai,TL,62.82,light rain,-8.9266,125.4092,Juvinal Martin
419,Mah√©bourg,MU,78.8,scattered clouds,-20.4081,57.7,Shandrani Beachcomber Resort & Spa
420,Norden,DE,25.0,overcast clouds,53.6,7.2,Hotel Aquarius
421,Dingle,PH,78.03,overcast clouds,10.9995,122.6711,SEGAYA PROPERTY
422,Aklavik,CA,-16.6,overcast clouds,68.2191,-135.0107,Aklavik Inn
423,Talnakh,RU,-31.2,clear sky,69.4865,88.3972,Talnakh Hotel
424,Atas≈´,KZ,20.79,overcast clouds,48.6814,71.6433,Dostyk
425,Marihatag,PH,80.67,broken clouds,8.7936,126.2969,Mariner's Place & Resort
427,Kargasok,RU,-23.8,overcast clouds,59.0556,80.8572,Hotel Kargasok
428,Kutum,SD,51.89,clear sky,14.2,24.6667,Dibbo areaŸÖŸÜÿ∑ŸÇÿ© ÿØÿ®Ÿà
429,Santa Isabel Rio Negro,BR,76.8,clear sky,-0.4139,-65.0192,Hotel GSA
430,Yenagoa,NG,78.08,clear sky,4.9247,6.2642,Aridolf Resort Wellness and Spa
431,Vila Franca do Campo,PT,62.6,broken clouds,37.7167,-25.4333,Pestana Bahia Praia
432,Melfort,CA,10.4,broken clouds,52.8667,-104.6177,Carra Valla Inn
433,Te Anau,NZ,65.84,broken clouds,-45.4167,167.7167,Kingsgate Hotel Te Anau
434,Oc√≥s,GT,84.2,clear sky,14.5094,-92.1933,Auto Hotel El So√±ador
435,Bobrov,RU,34.84,light snow,51.0961,40.0333,Hotel Bobrov
436,Sturgis,US,30.2,overcast clouds,41.7992,-85.4192,Best Western Plus Howe Inn
439,Yankton,US,28.4,mist,42.8711,-97.3973,Holiday Inn Express & Suites Yankton
440,Oudtshoorn,ZA,64.4,clear sky,-33.5907,22.2014,Earthbound Guest House
441,Praia da Vit√≥ria,PT,64.4,broken clouds,38.7333,-27.0667,Hotel Branco I
442,Sergach,RU,20.44,overcast clouds,55.5308,45.4661,"Medvezhiy Ugol, Gostinitsa"
443,Baghdad,IQ,44.6,clear sky,33.3406,44.4009,Baghdad Hotel
444,San Patricio,US,73.4,few clouds,28.017,-97.5169,"Motel 6 Sinton, TX"
445,Salalah,OM,66.2,clear sky,17.0151,54.0924,HAMDAN PLAZA HOTEL SALALAH
446,General Elizardo Aquino,PY,78.13,scattered clouds,-24.4333,-56.7,Caacupeii Jhugua Rey
447,Bunbury,AU,72.0,clear sky,-33.3333,115.6333,Bunbury Hotel Koombana Bay
448,Bunbury,AU,72.0,clear sky,-33.3333,115.6333,Bunbury Hotel Koombana Bay
449,Anloga,GH,82.4,few clouds,5.7947,0.8973,Pin Drop Hotel
450,Qui Nhon,VN,72.32,overcast clouds,13.7667,109.2333,Kh√°ch s·∫°n H·∫£i √Çu Quy Nh∆°n - Seagull Hotel
451,Kenai,US,21.99,clear sky,60.5544,-151.2583,Aspen Extended Stay Suites
453,Pachino,IT,50.0,overcast clouds,36.7186,15.0907,Il Veliero
454,Pachino,IT,50.0,overcast clouds,36.7186,15.0907,Il Veliero
455,Ancud,CL,57.2,clear sky,-41.8697,-73.8203,Hotel Arena Gruesa
456,Tura,IN,50.05,clear sky,25.5198,90.2201,Hotel RIKMAN Continental
457,Port Macquarie,AU,84.99,scattered clouds,-31.4333,152.9167,Rydges Port Macquarie
458,Horsham,GB,39.2,broken clouds,51.06399999999999,-0.3272,Springfields Hotel
459,Buin,CL,70.0,broken clouds,-33.7333,-70.75,Paihuen
461,Northam,GB,39.99,few clouds,51.0333,-4.2167,Durrant House Hotel
462,Nkhata Bay,MW,74.35,light rain,-11.6066,34.2907,Mayoka Village
463,Sabha,LY,56.46,clear sky,27.0377,14.4283,Foundation Taaj Asala for Historical Research and Archeology
465,Hofn,IS,21.67,clear sky,64.2539,-15.2082,H√≥tel H√∂fn
466,Zabid,YE,72.88,overcast clouds,14.1951,43.3152,ÿØÿßÿ± ÿßŸÑÿ∂ŸäÿßŸÅÿ©
467,Muramvya,BI,55.62,scattered clouds,-3.2682,29.6079,CHALET LA CONCORDE
468,Mehamn,NO,26.6,light snow,71.0357,27.8492,Mehamn Arctic Hotel AS
469,Nyurba,RU,-39.01,overcast clouds,63.2842,118.3319,Gostinitsa Alrosa
471,Oranjemund,,60.39,clear sky,-28.55,16.4333,The Fisherman's Cove
472,Lakselv,NO,23.0,light snow,70.0513,24.9718,Lakselv Hotel
473,Lakselv,NO,23.0,light snow,70.0513,24.9718,Lakselv Hotel
474,Arys,KZ,48.2,broken clouds,42.4252,68.795,Gostinitsa
475,Matara,LK,76.28,overcast clouds,5.9485,80.5353,Amaloh Boutique Resort
476,Paducah,US,43.0,mist,37.0834,-88.6001,Holiday Inn Paducah Riverfront
477,Bonthe,SL,77.83,broken clouds,7.5264,-12.505,Bonthe Holiday Village
478,Finschhafen,PG,87.78,overcast clouds,-6.6024,147.8681,Cossam Guest House
479,Mars√° Ma≈£r≈´·∏©,EG,60.8,clear sky,31.3525,27.2453,Beau Site
480,Musiri,IN,73.4,mist,10.9333,78.45,HOTEL GATEWAY
481,Chipoka,MW,75.36,overcast clouds,-13.9933,34.5157,The Cichlids Lodge
482,Erdenet,MN,-3.19,overcast clouds,49.0333,104.0833,Erdenet hotel
483,Chivay,PE,46.38,overcast clouds,-15.6383,-71.6011,Casa Andina Standard Colca
484,Anchorage,US,21.2,clear sky,61.2181,-149.9003,Hotel Captain Cook
485,Vavoua,CI,76.06,broken clouds,7.3819,-6.4778,Hotel Le Peuple
486,Paamiut,GL,25.29,scattered clouds,61.994,-49.6678,Yeet Hotel
487,Waipawa,NZ,72.0,clear sky,-41.4122,175.5153,Tora Coastal Walk
488,Prince Rupert,CA,41.0,clear sky,54.3161,-130.3201,Crest Hotel
489,Prince Rupert,CA,41.0,clear sky,54.3161,-130.3201,Crest Hotel
490,Port Moresby,PG,75.2,moderate rain,-9.4431,147.1797,Lamana Hotel
491,Port Hedland,AU,87.8,light rain,-20.3167,118.5667,The Esplanade Hotel
492,Dire Dawa,ET,58.78,clear sky,9.5931,41.8661,Samrat Hotel
493,Granada,ES,48.2,clear sky,37.1882,-3.6067,HOTEL REINA CRISTINA
496,Bell Ville,AR,64.0,overcast clouds,-32.6259,-62.6887,Hotel Central
497,Bell Ville,AR,64.0,overcast clouds,-32.6259,-62.6887,Hotel Central
499,Beringovskiy,RU,7.0,snow,63.05,179.3167,Beringgorski
500,Beringovskiy,RU,7.0,snow,63.05,179.3167,Beringgorski
501,San Quint√≠n,MX,58.86,clear sky,30.4833,-115.95,Old Mill Hotel
502,Ushtobe,KZ,12.61,overcast clouds,45.2514,77.9838,"Gostinitsa ""Diyar"""
503,Coahuayana Viejo,MX,80.6,clear sky,18.7333,-103.6833,Hotel Los Arcos
504,Lososina,RU,3.15,overcast clouds,48.9975,140.3106,"–•–æ—Å—Ç–µ–ª ""–ü–∏–ª–∏–≥—Ä–∏–º"""
505,Gorontalo,ID,82.18,overcast clouds,0.5412,123.0595,Maqna Hotel by Prasanthi
506,Port Elizabeth,ZA,62.6,clear sky,-33.918,25.5701,39 On Nile Guest House
507,Shing≈´,JP,48.2,scattered clouds,33.7333,135.9833,Shingu UI Hotel
508,Krasnyy Yar,RU,28.4,fog,46.5331,48.3456,Cottege near Ufa
509,Zhigansk,RU,-48.78,broken clouds,66.7697,123.3711,Gostinichnyy Kompleks Aylgy
510,Carutapera,BR,78.49,overcast clouds,-1.195,-46.02,Lidera
511,Pereira Barreto,BR,77.36,overcast clouds,-20.6383,-51.1092,Hotel Pousada Pantal
512,Grand Gaube,MU,75.99,clear sky,-20.0064,57.6608,Veranda Paul et Virginie Hotel & Spa
513,Bilibino,RU,-26.52,clear sky,68.0546,166.4372,Gostinitsa Severyanka
515,Xining,CN,12.65,clear sky,36.6167,101.7667,Super Leisure Hotel
516,Quang Ngai,VN,70.63,overcast clouds,15.1167,108.8,Central Hotel
517,Horta,PT,62.4,overcast clouds,38.5333,-28.6333,Hotel do Canal | Horta - Faial
518,Trelew,AR,60.44,scattered clouds,-43.248999999999995,-65.3051,Hotel Touring Club
519,Klyuchi,RU,8.06,overcast clouds,52.2667,79.1667,Vesolaya Mayovka
520,San Rafael,AR,64.06,light rain,-34.6177,-68.3301,Hotel San Rafael
521,Fare,PF,81.37,scattered clouds,-16.7,-151.0167,Maitai Lapita Village Huahine
522,Belyy Yar,RU,-23.8,clear sky,53.6039,91.3903,Pasportnyy Stol
523,Atessa,IT,55.0,broken clouds,42.0693,14.4511,Hotel Ristorante Al Duca
524,Energetik,RU,13.68,clear sky,51.7445,58.7934,Zhemchuzhina
525,Zonguldak,TR,38.98,overcast clouds,41.25,31.8333,S√ºleyman Tez Ev
526,Puerto Escondido,MX,82.4,scattered clouds,15.85,-97.0667,Aldea del Bazar Hotel and Spa
527,Half Moon Bay,US,57.2,overcast clouds,37.4636,-122.4286,"The Ritz-Carlton, Half Moon Bay"
528,Bud,US,30.99,snow,39.446999999999996,-86.1758,Ted McQuinn Trust
529,La Asuncion,VE,76.82,broken clouds,11.0333,-63.8628,Colinas de Matasiete
531,Chenzhou,CN,57.58,overcast clouds,25.8,113.0333,Thank Inn Chain Hotel hunan chenzhou beihu district wuling square
532,Pemangkat,ID,78.78,overcast clouds,1.1667,108.9667,Kost H.Syamsuddin
533,Henties Bay,,66.99,scattered clouds,-22.116,14.2845,Fishermans Guest House
534,Upington,ZA,68.0,clear sky,-28.4478,21.2561,River Place Manor
535,Wanaka,NZ,70.5,few clouds,-44.7,169.15,Wanaka Homestead Lodge and Cottages
537,S√£o Louren√ßo do Sul,BR,75.94,moderate rain,-31.3653,-51.9783,Hotel Pousada Verde √Ågua
538,Pismo Beach,US,55.4,clear sky,35.1428,-120.6413,SeaCrest OceanFront Hotel
539,Husavik,IS,14.0,overcast clouds,66.0449,-17.3389,Bjarnab√∫√∞
540,Tigil',RU,5.2,light snow,57.8,158.6667,Tigil'
541,Garautha,IN,46.44,clear sky,25.5667,79.3,P.S.K Automobiles garautha
542,Tomatl√°n,MX,81.1,clear sky,19.9333,-105.25,Norma franco
543,Namatanai,PG,84.52,overcast clouds,-3.6667,152.4333,Namatanai Hotel
545,Wilkie,CA,1.4,broken clouds,52.4168,-108.7014,Wilkie Motel
546,Paracuru,BR,81.0,broken clouds,-3.41,-39.0306,Hotel Vento Brasil
547,Sambava,MG,76.03,clear sky,-14.2667,50.1667,Melrose
548,Kumano,JP,42.8,few clouds,34.3442,132.5894,„Éõ„ÉÜ„É´ „Ç≥„É©„ÇΩ„É≥
549,Arrondissement de Mayenne,FR,48.2,overcast clouds,48.3333,-0.6667,la Tour des Anglais
550,Channel-Port aux Basques,CA,27.81,overcast clouds,47.5702,-59.1367,St. Christopher's Hotel
551,Faya,SA,55.4,clear sky,18.3851,42.4509,ŸÖŸÇÿ®ÿ±ÿ© ÿßŸÑ ŸÖÿ¨ŸÖŸÑ
552,Ust-Tsilma,RU,3.22,overcast clouds,65.441,52.1498,U Praskov'i
553,Ust-Tsilma,RU,3.22,overcast clouds,65.441,52.1498,U Praskov'i
554,Rƒìzekne,LV,23.94,light snow,56.5,27.3167,Hotel Latgale Hotel
555,Hasaki,JP,43.0,few clouds,35.7333,140.8333,Inubosaki Kanko Hotel
556,Panzhihua,CN,44.01,clear sky,26.5851,101.7128,Electric Power Hotel
557,Pauini,BR,75.22,overcast clouds,-7.7136,-66.9764,Casa do Kiwliks
558,Acara√∫,BR,79.12,overcast clouds,-2.8856,-40.12,castelo pizzaria
559,Brae,GB,33.8,broken clouds,60.3964,-1.3530000000000002,Busta House Hotel
560,Kimbe,PG,81.41,moderate rain,-5.5502,150.1429,Kimbe Bay Hotel
561,KattivƒÅkkam,IN,71.6,mist,13.2167,80.3167,Raj's villa
562,Tateyama,JP,52.0,few clouds,34.9833,139.8667,Tateyama Seaside Hotel
563,Port Blair,IN,79.36,few clouds,11.6667,92.75,Welcomhotel Bay Island Port Blair
564,Hue,VN,68.0,scattered clouds,16.4667,107.6,Saigon Morin Hotel
565,Lysychovo,UA,30.99,overcast clouds,48.4968,23.2899,Pryvatna Sadyba
566,Ayan,RU,-6.93,overcast clouds,56.45,138.1667,Gostinitsa
567,Beira,MZ,78.6,overcast clouds,-19.8436,34.8389,Beira Terrace Hotel
568,San Andr√©s,CO,80.6,scattered clouds,12.5847,-81.7006,Hotel Arena Blanca
569,San Andr√©s,CO,80.6,scattered clouds,12.5847,-81.7006,Hotel Arena Blanca
570,Ahipara,NZ,72.28,clear sky,-35.1667,173.1667,Ahipara Holiday Park
571,Ahipara,NZ,72.28,clear sky,-35.1667,173.1667,Ahipara Holiday Park
572,Lipin Bor,RU,22.06,overcast clouds,60.2622,37.9763,Priozor'ye
573,Andradina,BR,75.79,overcast clouds,-20.8961,-51.3794,DELTA HOTEL
574,Kismayo,SO,74.82,scattered clouds,-0.3582,42.5454,Agan-Hotel
575,Port-Gentil,GA,77.68,overcast clouds,-0.7193,8.7815,Fengshui Residence
576,Saman√°,DO,72.68,scattered clouds,19.2056,-69.3369,The Bannister - Hotel & Yacht Club
577,Ambrolauri,GE,41.0,clear sky,42.5211,43.1622,Chateau Dio
578,Clifton Springs,AU,66.2,overcast clouds,-38.15,144.5667,Drysdale House Bed & Breakfast
579,Pandaria,IN,47.3,clear sky,22.2333,81.4167,"SC,ST Hostel,Samrupara"
580,Umluj,SA,64.06,clear sky,25.0213,37.2685,Moon light Furnished Units
582,Leh,IN,0.59,few clouds,34.1667,77.5833,Hotel Ladakh Greens
583,Kuala Terengganu,MY,75.2,scattered clouds,5.3302,103.1408,Hotel Grand Continental Kuala Terengganu (4 Star)
584,Marawi,PH,80.01,broken clouds,7.9986,124.2928,Derogongan Residence
585,Marawi,PH,80.01,broken clouds,7.9986,124.2928,Derogongan Residence
586,R√≠o Gallegos,AR,62.6,clear sky,-51.6226,-69.2181,Hotel Santa Cruz
587,Oktyabr'skiy,RU,25.56,overcast clouds,54.4815,53.471000000000004,–£—è–∑—ã-–¢–∞—É –≥–æ—Å—Ç–∏–Ω–∏—Ü–∞
589,Roebourne,AU,90.91,overcast clouds,-20.7833,117.1333,Harding River Caravan Park
590,La Ronge,CA,12.2,clear sky,55.1001,-105.2842,Northland Motor Hotel
592,Heihe,CN,-32.8,few clouds,50.2441,127.4902,Hotel Strannik
593,Aban,RU,-42.92,clear sky,56.67,96.06,Gostinitsa
594,Voh,NC,84.99,clear sky,-20.9667,164.7,Le g√Æte du Koniambo
595,Etchoropo,MX,70.0,clear sky,26.7667,-109.6667,Campo de Andr√©s cruz jusaino
596,Sainte-Marie,RE,78.8,few clouds,-20.8968,55.5496,Les pailles en queue de Sainte Marie
597,Tynda,RU,-34.35,overcast clouds,55.1667,124.7167,Medis
598,Columbus,US,34.0,overcast clouds,39.9612,-82.9988,DoubleTree Suites by Hilton Hotel Columbus Downtown
599,Lincoln,US,33.8,overcast clouds,40.8,-96.667,Courtyard by Marriott Lincoln Downtown/Haymarket
601,Sola,VU,81.46,overcast clouds,-13.8833,167.55,Leumerus Bungalows
602,Rocha,UY,65.75,moderate rain,-34.4833,-54.3333,Beleza Pura B&B
603,Alamor,EC,64.56,light rain,-4.0181,-80.0197,Hotel
604,Doha,QA,64.4,clear sky,25.2867,51.5333,Doha Marriott Hotel
605,Show Low,US,32.0,clear sky,34.2542,-110.0298,Hampton Inn & Suites Show Low-Pinetop
606,Hirado,JP,51.01,clear sky,33.3597,129.5531,Samson Hotel
607,Neckargem√ºnd,DE,35.01,overcast clouds,49.3922,8.7942,Art Hotel Neckar
608,Slave Lake,CA,8.6,haze,55.2834,-114.76899999999999,Super 8 by Wyndham Slave Lake AB
609,Kuybyshevo,RU,35.76,light rain,47.8123,38.9073,–ú–∏–Ω–∏-–æ—Ç–µ–ª—å –ò—Å–∫—Ä–∞
610,Fallon,US,44.6,scattered clouds,39.4735,-118.7774,Best Western Fallon Inn & Suites
611,Bosaso,SO,71.56,scattered clouds,11.2842,49.1816,Red Sea Hotel
613,Idaho Falls,US,33.8,few clouds,43.4666,-112.0341,Hilton Garden Inn Idaho Falls
614,Ugoofaaru,MV,81.64,overcast clouds,5.6667,73.0,Ungoofaaru Inn
616,Massaguet,TD,70.02,clear sky,12.4755,15.4365,Alwatane
617,Port-Cartier,CA,19.4,few clouds,50.0334,-66.8654,Le Q'Artier
618,Savelugu,GH,78.53,clear sky,9.6244,-0.8253,Yoo Naa's Palace
619,Darlawn,IN,46.27,clear sky,24.0167,92.9,BNRGSK BUILDING
620,Darlawn,IN,46.27,clear sky,24.0167,92.9,BNRGSK BUILDING
621,Pia√ßabu√ßu,BR,78.53,overcast clouds,-10.4056,-36.4344,Pia√ßabu√ßu News
622,Pacifica,US,55.99,overcast clouds,37.6138,-122.4869,"Pacifica Lighthouse, Trademark Collection by Wyndham"
623,Iralaya,HN,78.8,scattered clouds,15.0,-83.2333,Iglesia morava renovada
624,Santa Vit√≥ria do Palmar,BR,72.77,moderate rain,-33.5189,-53.3681,Hostel Comodoro
625,Kavaratti,IN,80.78,clear sky,10.5669,72.642,Hotels in Lakshadweep Islands
627,Pimentel,PE,75.2,clear sky,-6.8367,-79.9342,Casona Del Muelle
628,Jacareacanga,BR,74.93,overcast clouds,-6.2222,-57.7528,Casa do Ianüòé
629,Auki,SB,82.42,light rain,-8.7676,160.7034,Auki Motel
630,Auki,SB,82.42,light rain,-8.7676,160.7034,Auki Motel
631,Port Keats,AU,79.66,overcast clouds,-14.25,129.55,TDC Village (Hundred Man Camp)
632,Necochea,AR,59.0,overcast clouds,-38.5473,-58.7368,dyd -mar Hotel
633,Los Llanitos,HN,87.8,few clouds,13.2869,-87.3344,campo de futbol los llanitos
634,Pochutla,MX,82.4,few clouds,15.7432,-96.4661,Hotel Posada San Jose
635,Keflavik,IS,21.2,clear sky,64.0049,-22.5624,Hotel Keflavik
636,Krasnoarmeysk,RU,24.01,overcast clouds,51.0239,45.6969,"Hotel ""Your home-Balzer"""
637,Mastic Beach,US,25.0,clear sky,40.7668,-72.8521,Brushwood House by Smith Point Beach
638,Algiers,DZ,62.6,broken clouds,36.7525,3.042,Sofitel Algiers Hamma Garden
639,Goya,AR,76.37,broken clouds,-29.14,-59.2626,Apart Costanera
640,Nador,MA,60.8,clear sky,35.174,-2.9287,H√¥tel La Giralda
641,Nador,MA,60.8,clear sky,35.174,-2.9287,H√¥tel La Giralda
642,Basco,PH,70.23,overcast clouds,20.4487,121.9702,Nathaniel's Lodge
643,Naryan-Mar,RU,0.19,overcast clouds,67.6713,53.086999999999996,Hostel Agat
644,Naryan-Mar,RU,0.19,overcast clouds,67.6713,53.086999999999996,Hostel Agat
645,Gravdal,NO,26.08,few clouds,68.1214,13.5031,Skreda Rorbusuiter
646,Saint-L√¥,FR,48.2,mist,49.1162,-1.0903,H√¥tel Mercure Saint-L√¥ Centre
647,Stykkisholmur,IS,17.24,few clouds,65.0757,-22.7297,Fosshotel Stykkish√≥lmur
648,Stykkisholmur,IS,17.24,few clouds,65.0757,-22.7297,Fosshotel Stykkish√≥lmur
650,Grenfell,AU,85.01,clear sky,-33.9,148.1667,Grenfell Royal Hotel
651,Grenfell,AU,85.01,clear sky,-33.9,148.1667,Grenfell Royal Hotel
652,Doba,TD,73.96,clear sky,8.65,16.85,Restaurant Auberge La P√©troli√®re
653,Panama City,PA,78.8,scattered clouds,8.9936,-79.5197,Trump International Hotel & Tower Panama
654,Progreso,MX,80.6,broken clouds,21.2833,-89.6667,Playa Linda Hotel
655,Hvolsvollur,IS,20.79,overcast clouds,63.7533,-20.2243,Hotel Rang√°
656,Garden City,US,30.2,overcast clouds,42.3256,-83.331,Quality Inn & Suites Banquet Center
657,Ust-Nera,RU,-25.51,overcast clouds,64.5667,143.2,Hotel Ust-Nera
659,Chabahar,IR,65.88,clear sky,25.2919,60.643,Ÿáÿ™ŸÑ ⁄ØÿØÿ±Ÿàÿ¥€åÿß
660,Fort-Shevchenko,KZ,35.53,few clouds,44.5086,50.263000000000005,Oasis hotel Bautino
661,Kloulklubed,PW,82.4,overcast clouds,7.0419,134.2556,Storyboard Beach Resort
662,Golden Gate,US,69.8,overcast clouds,26.1879,-81.6951,Quality Inn & Suites Golf Resort
663,Bail-Hongal,IN,55.4,scattered clouds,15.8167,74.8667,Sangam residency (Lodge)
664,Salin√≥polis,BR,79.11,overcast clouds,-0.6136,-47.3561,Salinas Park Resort Ma√ßarico AP101
666,Moerai,PF,80.8,scattered clouds,-22.4333,-151.3333,Le Manotel
667,Naze,JP,60.8,scattered clouds,28.3667,129.4833,Â•ÑÁæé„Éù„Éº„Éà„Çø„ÉØ„Éº„Éõ„ÉÜ„É´
668,Feij√≥,BR,74.16,overcast clouds,-8.1642,-70.3536,Hotel e Restaurante A“´ai
669,Feij√≥,BR,74.16,overcast clouds,-8.1642,-70.3536,Hotel e Restaurante A“´ai
670,Xichang,CN,41.29,overcast clouds,27.8964,102.2634,Xichang ibis Hotel
671,Tallahassee,US,55.4,few clouds,30.4383,-84.2807,Four Points by Sheraton Tallahassee Downtown
672,Krosno Odrza≈Ñskie,PL,21.99,scattered clouds,52.0549,15.0988,Noclegi
673,Riyadh,SA,51.8,clear sky,24.6877,46.7219,InterContinental Riyadh
675,Nishihara,JP,64.4,few clouds,26.1842,127.7558,Minshuku Agaihama
676,Banda Aceh,ID,77.49,clear sky,5.5577,95.3222,OYO 884 Rumoh PMI Hotel
678,AswƒÅn,EG,53.35,clear sky,24.0934,32.907,Nuba Nile
679,AhvƒÅz,IR,53.64,clear sky,31.3203,48.6693,tashrifat tourism travel agency
680,AhvƒÅz,IR,53.64,clear sky,31.3203,48.6693,tashrifat tourism travel agency
681,Opuwo,,71.22,overcast clouds,-18.0607,13.84,ABBA Guesthouse
682,Oyama,JP,48.99,few clouds,36.3,139.8,Toyoko Inn Oyama-eki Higashi-guchi No.1
683,Zilupe,LV,24.48,light snow,56.3862,28.1217,Zilupe kojas
684,Maralal,KE,54.75,clear sky,1.0968,36.698,Ngari Hill Ecolodge
685,Chimor√©,BO,74.23,overcast clouds,-16.9833,-65.1333,Bichito
686,El'brus,RU,21.76,few clouds,43.2577,42.6443,Otel' Pik Yevropy
687,Santa Maria do Par√°,BR,73.87,overcast clouds,-1.3503,-47.5756,Shopping Motel (Adults Only)
688,Negombo,LK,75.2,clear sky,7.2083,79.8358,Hotel Sunset Beach
689,Upata,VE,75.0,clear sky,8.0086,-62.3989,Posada Villa Nela
690,Upata,VE,75.0,clear sky,8.0086,-62.3989,Posada Villa Nela
691,Kashgar,CN,24.8,few clouds,39.4547,75.9797,Â∏ïÁ±≥Â∞îÈùíÂπ¥ÊóÖËàç
693,Furukawa,JP,37.4,few clouds,38.5717,140.9556,Value the Hotel Furukawa Sanbongi
694,Paidha,UG,66.6,broken clouds,2.4167,30.9855,OPIPAAF (OTHUMBA PITHUA PALWONGA )
695,Menzelinsk,RU,28.4,broken clouds,55.7271,53.1026,Odzun
697,Bathsheba,BB,78.8,scattered clouds,13.2167,-59.5167,Atlantis Hotel
699,Yar-Sale,RU,-18.29,overcast clouds,66.8333,70.8333,Yalemd
700,Mwinilunga,ZM,62.64,light rain,-11.7358,24.4293,Kwakuwahi Lodge
701,Tautira,PF,87.8,light rain,-17.7333,-149.15,Pension Oaoa
702,Vestavia Hills,US,55.4,scattered clouds,33.4487,-86.7878,Best Western Plus Carlton Suites
703,Mayo,US,30.99,clear sky,38.8876,-76.5119,Resorts Resource Group International
704,AsƒÉu,RO,37.0,overcast clouds,46.4333,26.4,Casa Mika Ciobanus
705,Lebanon,US,48.2,light rain,36.2081,-86.2911,Hampton Inn & Suites Lebanon
706,Ilo,PE,67.98,few clouds,-17.6394,-71.3375,Torreblanca Hotel
707,Makkah al Mukarramah,SA,66.22,clear sky,21.4267,39.8261,"Makkah Clock Royal Tower, A Fairmont Hotel"
708,Velsk,RU,18.54,overcast clouds,61.0701,42.0983,Zhemchuzhina Severa
709,Anajatuba,BR,74.73,light rain,-3.2644,-44.6197,Pousada Por do Sol
710,Kiama,AU,68.0,overcast clouds,-34.6833,150.8667,The Sebel Kiama Harbourside
711,Pedraza,CO,78.62,few clouds,10.1874,-74.915,Hotel Julio Fonseca
712,Sisophon,KH,73.96,clear sky,13.5859,102.9737,Pyramid Hotel
715,Biltine,TD,68.29,clear sky,14.5333,20.9167,H√¥tel Trois √âtoiles de Biltine
716,Kupang,ID,82.4,light rain,-10.1667,123.5833,Hotel On The Rock by Prasanthi
717,Kupang,ID,82.4,light rain,-10.1667,123.5833,Hotel On The Rock by Prasanthi
718,TƒÅnsen,NP,37.98,clear sky,27.8673,83.5467,Taksar Stay
720,Cardston,CA,35.6,clear sky,49.2,-113.3019,Flamingo Motel
721,Hattiesburg,US,62.6,overcast clouds,31.3271,-89.2903,Deluxe Inn
722,Richards Bay,ZA,73.65,moderate rain,-28.783,32.0377,BON Hotel Waterfront Richards Bay
723,Huangnihe,CN,-2.72,overcast clouds,43.5583,128.0239,Huangnihe Forestry Bureau Huanglin Hotel
724,Yeppoon,AU,84.2,scattered clouds,-23.1333,150.7333,Villa Mar Colina
725,Cockburn Town,TC,73.4,few clouds,21.4612,-71.1419,Osprey Beach Hotel
726,Rauma,FI,17.6,light snow,61.1272,21.5113,Kalliohovi Hotel
727,Beyneu,KZ,33.91,overcast clouds,45.3167,55.2,NUR
728,Devils Lake,US,21.2,mist,48.1128,-98.8651,Holiday Inn Express Devils Lake
729,Suru√ß,TR,37.4,light rain,36.9761,38.425,PEHLƒ∞VANKESMESƒ∞ K√ñY√ú
730,Morro Bay,US,55.99,clear sky,35.3658,-120.8499,Inn at Morro Bay
731,Dessie,ET,46.13,scattered clouds,11.1333,39.6333,Joamla Hotel
732,Beloyarskiy,RU,-10.57,light snow,63.7119,66.6722,Gostinitsa Karibu
735,Dunhua,CN,0.46,overcast clouds,43.3725,128.2425,Jinhao International Business Hotel
736,NEDJO,ET,59.16,broken clouds,9.5046,35.5019,Yerosan Hotel
737,Pemba,MZ,78.8,few clouds,-12.974,40.5178,Guesthouse Samotina
738,Lata,PT,55.99,overcast clouds,40.1629,-8.3327,Casa Maquia
739,Saurimo,AO,65.44,overcast clouds,-9.6608,20.3916,Hotel Kawissa Saurimo
740,Kandrian,PG,84.74,overcast clouds,-6.2167,149.55,Kandrian Station
741,Dolores,AR,59.04,light rain,-36.3132,-57.6792,Apart Hotel - Arianos
742,Pedernales,DO,76.08,few clouds,18.0384,-71.744,Hotel Costa Marina
743,Pedernales,DO,76.08,few clouds,18.0384,-71.744,Hotel Costa Marina
744,Gisborne,NZ,60.01,overcast clouds,-38.6533,178.0042,ASURE Alfresco Motor Lodge
745,Biak,ID,82.06,overcast clouds,-0.9131,122.8766,Penginapan Kim
746,Kalabo,ZM,67.66,light rain,-14.97,22.6814,Sikakubete Guest House Kalabo Town Council
747,Russell,US,53.6,scattered clouds,32.3502,-85.1999,Macs
748,Mau√©s,BR,75.38,few clouds,-3.3836,-57.7186,Hotel Miramar
749,Swan River,CA,15.8,overcast clouds,52.1058,-101.2676,Super 8 by Wyndham Swan River MB
750,Chenghai,CN,53.6,clear sky,23.4632,116.76799999999999,Guangdong Hotel
751,Markova,UA,20.39,broken clouds,48.6758,24.4138,Kempinh
752,Porto-Novo,BJ,84.2,scattered clouds,6.4965,2.6036,Tour Eiffel Hotel Benin
753,Jiaocheng,CN,60.71,clear sky,24.6774,116.1389,Changtan Tourism Resort
754,Santiago,CL,70.0,broken clouds,-33.4569,-70.6483,Sheraton Santiago Hotel and Convention Center
755,Lloydminster,CA,3.2,broken clouds,53.2835,-110.0016,BCMInns - Lloydminster
756,Mayumba,GA,76.48,overcast clouds,-3.432,10.6554,LIKWALE LODGE
757,Cap Malheureux,MU,75.99,clear sky,-19.9842,57.6142,Pereybere Hotel & Spa
758,√òrje,NO,16.0,fog,59.4802,11.6602,PARKING AND TOILET
761,Raymondville,US,77.0,clear sky,26.4815,-97.7831,La Quinta Inn & Suites by Wyndham Raymondville
762,Megion,RU,-20.2,snow,61.0296,76.1136,Komfort Hotel
763,Megion,RU,-20.2,snow,61.0296,76.1136,Komfort Hotel
764,Ulaangom,MN,-8.25,clear sky,49.9811,92.0667,Achit Nuur Hotel & Restaurant
765,Ambilobe,MG,72.73,clear sky,-13.2,49.05,H√¥tel & Restaurant DIANA Ambilobe
766,Mthatha,ZA,66.2,broken clouds,-31.5889,28.7844,LLZZ Boutique Lodge
767,Komsomolets,KZ,7.57,broken clouds,53.7453,62.0708,Avtostoyanka
768,Wanning,CN,70.21,broken clouds,18.8003,110.3967,Paradise Hotel
769,Lensk,RU,-32.37,overcast clouds,60.7253,114.9278,–¢–∏–Ω–û—Ä–°
770,George Town,MY,78.8,few clouds,5.4112,100.3354,Cititel Penang
771,Careiro da V√°rzea,BR,77.0,light rain,-3.2003,-59.8119,POUSADA DA ALDENORA
772,Harper,LR,78.73,broken clouds,4.375,-7.7169,Screensaver
773,Kamina,CD,64.15,overcast clouds,-8.7386,24.9906,Guest House la Grace
774,Imuris,MX,55.67,clear sky,30.7833,-110.8667,Hotel toro Hereford
775,La Santisima Trinidad,BO,75.65,overcast clouds,-14.8333,-64.9,Hotel Piesta
777,Saint-Fran√ßois,FR,43.0,overcast clouds,46.4154,3.9054,Manoir Du Bonheur
778,Dicabisagan,PH,71.85,overcast clouds,17.0818,122.4157,Nancy Montanes Bernardo
779,Mogadishu,SO,74.7,few clouds,2.0371,45.3438,Hotel Juba
780,Emporia,US,41.0,mist,38.4039,-96.1817,Candlewood Suites Emporia
781,Emporia,US,41.0,mist,38.4039,-96.1817,Candlewood Suites Emporia
782,Emporia,US,41.0,mist,38.4039,-96.1817,Candlewood Suites Emporia
783,Terenos,BR,73.4,few clouds,-20.4422,-54.8603,QUINTAS IN CASA
